{
    "060a7564-97e8-4fef-8d62-f6dacbca390f": {
        "PrimaryConfiguration": {
            "BurstAngleH": 0.0,
            "BurstAngleV": 0.0
        }
    },
    "0af419f5-e6d3-488d-b133-6ce0964b0770": {
        "PrimaryConfiguration": {
            "BurstAngleH": 0.0,
            "BurstAngleV": 0.0
        }
    },
    "33cadd6f-3813-4be1-8e50-bd6819cb9b13": {
        "PrimaryConfiguration": {
            "BurstAngleH": 0.0,
            "BurstAngleV": 0.0
        }
    },
    "35182a4f-9707-42ac-b449-77fce3f5f677": {
        "PrimaryConfiguration": {
            "BurstAngleH": 0.0,
            "BurstAngleV": 0.0
        }
    },
    "407df651-52d4-4871-a903-db677a7568ed": {
        "PrimaryConfiguration": {
            "BurstAngleH": 0.0,
            "BurstAngleV": 0.0
        }
    },
    "4e92b3c5-3358-44aa-8a87-f7f349f46f44": {
        "PrimaryConfiguration": {
            "BurstAngleH": 0.0,
            "BurstAngleV": 0.0
        }
    },
    "507f3f6e-4681-4efa-96f9-58411d7fecf8": {
        "PrimaryConfiguration": {
            "BurstAngleH": 0.0,
            "BurstAngleV": 0.0
        }
    },
    "545ff36e-b43c-4a35-9ab3-680b23b9e354": {
        "PrimaryConfiguration": {
            "BurstAngleH": 0.0,
            "BurstAngleV": 0.0
        }
    },
    "6696a10d-9138-4184-8104-a6c7ec2e0eb1": {
        "PrimaryConfiguration": {
            "BurstAngleH": 0.0,
            "BurstAngleV": 0.0
        }
    },
    "785c3c6b-1272-4853-94f0-a41d52f64795": {
        "PrimaryConfiguration": {
            "BurstAngleH": 0.0,
            "BurstAngleV": 0.0
        }
    },
    "7f31d897-a62f-448c-be0d-79d565e2faa7": {
        "PrimaryConfiguration": {
            "BurstAngleH": 0.0,
            "BurstAngleV": 0.0
        }
    },
    "8598ae82-53ac-43ba-9f43-30140d6ba7ee": {
        "PrimaryConfiguration": {
            "BurstAngleH": 0.0,
            "BurstAngleV": 0.0
        }
    },
    "881979b0-c506-41a5-bc7a-a63ba4c812ad": {
        "PrimaryConfiguration": {
            "BurstAngleH": 0.0,
            "BurstAngleV": 0.0
        }
    },
    "901a3b51-51a0-4236-bdf2-23d20696b358": {
        "PrimaryConfiguration": {
            "BurstAngleH": 0.0,
            "BurstAngleV": 0.0
        }
    },
    "935fd34c-e58c-45d3-bc66-3144752b001b": {
        "PrimaryConfiguration": {
            "BurstAngleH": 0.0,
            "BurstAngleV": 0.0
        }
    },
    "94939b01-fda2-422e-99cf-c5f3edb2076a": {
        "PrimaryConfiguration": {
            "BurstAngleH": 0.0,
            "BurstAngleV": 0.0
        }
    },
    "9fcf5400-0784-4e71-ad57-a3e17cf88bc3": {
        "PrimaryConfiguration": {
            "BurstAngleH": 0.0,
            "BurstAngleV": 0.0
        }
    },
    "b0314606-caa4-4a2c-a3e2-bd011f98cfdf": {
        "PrimaryConfiguration": {
            "BurstAngleH": 0.0,
            "BurstAngleV": 0.0
        }
    },
    "b5481de5-6446-46b3-903f-e0040f46b7f0": {
        "PrimaryConfiguration": {
            "BurstAngleH": 0.0,
            "BurstAngleV": 0.0
        }
    },
    "b58f4e9f-60b1-4bcb-bd87-b11dbcb8e6b2": {
        "PrimaryConfiguration": {
            "BurstAngleH": 0.0,
            "BurstAngleV": 0.0
        }
    },
    "be285364-e3a9-439c-8d00-2953080b6ed5": {
        "PrimaryConfiguration": {
            "BurstAngleH": 0.0,
            "BurstAngleV": 0.0
        }
    },
    "d4f6e560-cf9f-4a0a-955d-787577b073d6": {
        "PrimaryConfiguration": {
            "BurstAngleH": 0.0,
            "BurstAngleV": 0.0
        }
    },
    "d5728a0f-fe8d-4e2d-9350-03cf4243c98e": {
        "PrimaryConfiguration": {
            "BurstAngleH": 0.0,
            "BurstAngleV": 0.0
        }
    },
    "eb9495e1-7d68-44ef-9025-a26770158b63": {
        "PrimaryConfiguration": {
            "BurstAngleH": 0.0,
            "BurstAngleV": 0.0
        }
    },
    "eca66732-a356-4c13-8e33-d0f7e87b5860": {
        "PrimaryConfiguration": {
            "BurstAngleH": 0.0,
            "BurstAngleV": 0.0
        }
    },
    "ef4c35c7-b7d4-4886-81b5-fda089f91173": {
        "PrimaryConfiguration": {
            "BurstAngleH": 0.0,
            "BurstAngleV": 0.0
        }
    },
    "f205ab30-bd46-4ad5-97f1-a728360e7131": {
        "PrimaryConfiguration": {
            "BurstAngleH": 0.0,
            "BurstAngleV": 0.0
        }
    },
    "f45868b6-e4b2-4cd3-ad9c-d0a727b39dba": {
        "PrimaryConfiguration": {
            "BurstAngleH": 0.0,
            "BurstAngleV": 0.0
        }
    },
    "f6657618-d723-419f-a71b-84d0e93402e3": {
        "PrimaryConfiguration": {
            "BurstAngleH": 0.0,
            "BurstAngleV": 0.0
        }
    },
    "f8f1acee-cb96-47a0-a969-4527251a713d": {
        "PrimaryConfiguration": {
            "BurstAngleH": 0.0,
            "BurstAngleV": 0.0
        }
    },
    "fd3b571c-d2ec-49d0-937a-641ac7fa4cb3": {
        "PrimaryConfiguration": {
            "BurstAngleH": 0.0,
            "BurstAngleV": 0.0
        }
    }
}