{
    "028bcbf4-a0a3-42b5-beaf-163a777164e8": {
        "PrimaryConfiguration": {
            "MuzzleVelocity": 50000.0
        }
    },
    "034ce4ab-b85a-4706-bdef-cba77f9b45f7": {
        "PrimaryConfiguration": {
            "MuzzleVelocity": 50000.0
        }
    },
    "03658b5a-b49e-4e82-82e2-f5d8c5cc602e": {
        "PrimaryConfiguration": {
            "MuzzleVelocity": 50000.0
        }
    },
    "05ccbb96-a1a0-4ee5-9586-cb9d9c02085e": {
        "PrimaryConfiguration": {
            "MuzzleVelocity": 50000.0
        }
    },
    "081f8265-63db-4759-96a3-5186caf59f62": {
        "PrimaryConfiguration": {
            "MuzzleVelocity": 50000.0
        }
    },
    "08366aec-7f5b-4c1e-9f47-00ec2df7d185": {
        "PrimaryConfiguration": {
            "MuzzleVelocity": 50000.0
        }
    },
    "092f6514-c34e-4d04-8d28-7ebbe14230d1": {
        "PrimaryConfiguration": {
            "MuzzleVelocity": 50000.0
        }
    },
    "09efc132-d35a-4e4e-b58e-ba802cc91dce": {
        "PrimaryConfiguration": {
            "MuzzleVelocity": 50000.0
        }
    },
    "0e3dc26a-9eed-4aa1-b81e-d0c597b36737": {
        "PrimaryConfiguration": {
            "MuzzleVelocity": 50000.0
        }
    },
    "0f9608e9-6e42-49b9-b4cd-9aaebba8458f": {
        "PrimaryConfiguration": {
            "MuzzleVelocity": 50000.0
        }
    },
    "0f991e64-354a-403a-afa5-b30285889377": {
        "PrimaryConfiguration": {
            "MuzzleVelocity": 50000.0
        }
    },
    "10f0653c-fe9c-4a43-98f1-18d20d18d9ab": {
        "PrimaryConfiguration": {
            "MuzzleVelocity": 50000.0
        }
    },
    "115f8a04-ed8b-492c-91a4-c0b523b79016": {
        "PrimaryConfiguration": {
            "MuzzleVelocity": 50000.0
        }
    },
    "1264f20b-b901-4d36-bc03-a9115709b531": {
        "PrimaryConfiguration": {
            "MuzzleVelocity": 50000.0
        }
    },
    "15291f69-88d0-4a8f-b31b-71605ba5ff38": {
        "PrimaryConfiguration": {
            "MuzzleVelocity": 50000.0
        }
    },
    "16edb112-58cc-4069-a7dd-ebd258b14044": {
        "PrimaryConfiguration": {
            "MuzzleVelocity": 50000.0
        }
    },
    "188c08a1-1550-4f51-b228-67bb18163109": {
        "PrimaryConfiguration": {
            "MuzzleVelocity": 50000.0
        }
    },
    "1cae7d71-55c8-401a-9dfb-cd0909c4f6ee": {
        "PrimaryConfiguration": {
            "MuzzleVelocity": 50000.0
        }
    },
    "1e11fbea-cd51-48bf-8316-a050772d6135": {
        "PrimaryConfiguration": {
            "MuzzleVelocity": 50000.0
        }
    },
    "1e632100-f739-4d18-92b4-ed5f2faf4b0c": {
        "PrimaryConfiguration": {
            "MuzzleVelocity": 50000.0
        }
    },
    "214004ec-5c86-4c26-8403-9e83a9bcdd24": {
        "PrimaryConfiguration": {
            "MuzzleVelocity": 50000.0
        }
    },
    "224822b8-7c8b-4c42-9194-8b307eadb31b": {
        "PrimaryConfiguration": {
            "MuzzleVelocity": 50000.0
        }
    },
    "226c2548-53e0-4703-873c-366e2c38dc5f": {
        "PrimaryConfiguration": {
            "MuzzleVelocity": 50000.0
        }
    },
    "256ac829-2ec6-44de-8d5f-16801a0491df": {
        "PrimaryConfiguration": {
            "MuzzleVelocity": 50000.0
        }
    },
    "26605ee6-6e82-4a57-909f-76b91e7d93ed": {
        "PrimaryConfiguration": {
            "MuzzleVelocity": 50000.0
        }
    },
    "2953e9ac-e25b-41ae-afbf-4a47f86c4f54": {
        "PrimaryConfiguration": {
            "MuzzleVelocity": 50000.0
        }
    },
    "297faddc-d0bc-4a69-a979-521c6ba79e8c": {
        "PrimaryConfiguration": {
            "MuzzleVelocity": 50000.0
        }
    },
    "29f10687-7ff4-4d30-a12a-53054afb3558": {
        "PrimaryConfiguration": {
            "MuzzleVelocity": 50000.0
        }
    },
    "2bb2fe71-370d-4af9-a941-0ed3ff70f5bb": {
        "PrimaryConfiguration": {
            "MuzzleVelocity": 50000.0
        }
    },
    "2d0393e2-49a8-43c1-b8f3-110e4b0b0c83": {
        "PrimaryConfiguration": {
            "MuzzleVelocity": 50000.0
        }
    },
    "2dfacef2-57f6-4b8d-a1ae-f1f7ada4ec22": {
        "PrimaryConfiguration": {
            "MuzzleVelocity": 50000.0
        }
    },
    "2f209936-1427-43b6-9812-d6f60b24336f": {
        "PrimaryConfiguration": {
            "MuzzleVelocity": 50000.0
        }
    },
    "2f6eec38-45ea-49df-83a2-0b98a858e60a": {
        "PrimaryConfiguration": {
            "MuzzleVelocity": 50000.0
        }
    },
    "302a5fed-c166-46db-a5cb-5410eb052d29": {
        "PrimaryConfiguration": {
            "MuzzleVelocity": 50000.0
        }
    },
    "304a4180-46ce-43ac-af61-f54bbf8a75eb": {
        "PrimaryConfiguration": {
            "MuzzleVelocity": 50000.0
        }
    },
    "304fd49f-0624-4691-8506-149a4b16808e": {
        "PrimaryConfiguration": {
            "MuzzleVelocity": 50000.0
        }
    },
    "30ebff97-f1e8-4fb1-9414-3e0911c29149": {
        "PrimaryConfiguration": {
            "MuzzleVelocity": 50000.0
        }
    },
    "33e56ea0-e4b5-4de0-bdd1-4ee22198da9b": {
        "PrimaryConfiguration": {
            "MuzzleVelocity": 50000.0
        }
    },
    "341ba426-d52d-4ae3-97a9-40b9b3633d76": {
        "PrimaryConfiguration": {
            "MuzzleVelocity": 50000.0
        }
    },
    "347b884d-f95d-4953-a65c-4081fbfce88d": {
        "PrimaryConfiguration": {
            "MuzzleVelocity": 50000.0
        }
    },
    "35efd6dc-0387-4b56-83f0-4e6609bac93f": {
        "PrimaryConfiguration": {
            "MuzzleVelocity": 50000.0
        }
    },
    "370580fc-7fcf-47f8-b994-cebd279f69f9": {
        "PrimaryConfiguration": {
            "MuzzleVelocity": 50000.0
        }
    },
    "396383c3-c42e-4fcf-b505-9d970518dc04": {
        "PrimaryConfiguration": {
            "MuzzleVelocity": 50000.0
        }
    },
    "3d681794-bd95-4340-9a18-59372a2239a0": {
        "PrimaryConfiguration": {
            "MuzzleVelocity": 50000.0
        }
    },
    "3ec2d9e5-de9d-4ddc-969f-6f1565e5a291": {
        "PrimaryConfiguration": {
            "MuzzleVelocity": 50000.0
        }
    },
    "3fd9825d-8aa5-48e0-97a9-ec8f541f871a": {
        "PrimaryConfiguration": {
            "MuzzleVelocity": 50000.0
        }
    },
    "41ac4076-e197-4576-894b-499534fd37e8": {
        "PrimaryConfiguration": {
            "MuzzleVelocity": 50000.0
        }
    },
    "43d15bea-d282-4a91-b625-8b7ba85c0ad5": {
        "PrimaryConfiguration": {
            "MuzzleVelocity": 50000.0
        }
    },
    "482eca87-2340-43b2-bf8e-9f6dafb16b4c": {
        "PrimaryConfiguration": {
            "MuzzleVelocity": 50000.0
        }
    },
    "494517eb-a6d1-4087-857a-37c8910703cf": {
        "PrimaryConfiguration": {
            "MuzzleVelocity": 50000.0
        }
    },
    "4ad2be0d-e24f-47a2-bcc9-4c6d5f73d4ff": {
        "PrimaryConfiguration": {
            "MuzzleVelocity": 50000.0
        }
    },
    "4bbe3b64-8bce-416e-a3e9-00bcd1571980": {
        "PrimaryConfiguration": {
            "MuzzleVelocity": 50000.0
        }
    },
    "4c9e7f92-c104-4587-8053-35e08f494110": {
        "PrimaryConfiguration": {
            "MuzzleVelocity": 50000.0
        }
    },
    "4e66bf97-e6da-4cb6-b873-10a9af274bf4": {
        "PrimaryConfiguration": {
            "MuzzleVelocity": 50000.0
        }
    },
    "507d1f29-ba45-47ce-b374-a8033ba184c2": {
        "PrimaryConfiguration": {
            "MuzzleVelocity": 50000.0
        }
    },
    "50c91e0d-2780-4fd1-ade6-65d73ff5c00d": {
        "PrimaryConfiguration": {
            "MuzzleVelocity": 50000.0
        }
    },
    "53160e5e-cbfd-41db-9c2b-088f2c71f534": {
        "PrimaryConfiguration": {
            "MuzzleVelocity": 50000.0
        }
    },
    "53a4f9bd-5aa8-4b0e-9200-4593c6966f24": {
        "PrimaryConfiguration": {
            "MuzzleVelocity": 50000.0
        }
    },
    "54bba84c-6751-430e-b47d-e4b5ddf7a835": {
        "PrimaryConfiguration": {
            "MuzzleVelocity": 50000.0
        }
    },
    "559d8002-9dc5-4da7-ab54-18c8ad20f047": {
        "PrimaryConfiguration": {
            "MuzzleVelocity": 50000.0
        }
    },
    "55ed7196-2303-4af6-9fa3-45b691134561": {
        "PrimaryConfiguration": {
            "MuzzleVelocity": 50000.0
        }
    },
    "563e5651-3024-4dc8-9063-93030a670ca3": {
        "PrimaryConfiguration": {
            "MuzzleVelocity": 50000.0
        }
    },
    "58cef3b5-9b24-45c1-bf86-60f9958ae013": {
        "PrimaryConfiguration": {
            "MuzzleVelocity": 50000.0
        }
    },
    "5b497a01-7941-474f-ac36-2b0490b528a4": {
        "PrimaryConfiguration": {
            "MuzzleVelocity": 50000.0
        }
    },
    "5bb11ea9-22ef-4280-b157-9a3bf3eb7da0": {
        "PrimaryConfiguration": {
            "MuzzleVelocity": 50000.0
        }
    },
    "5f5e10e1-4c38-4fd0-ac16-8f42526ab232": {
        "PrimaryConfiguration": {
            "MuzzleVelocity": 50000.0
        }
    },
    "613b24eb-fdc1-47a3-9157-e3d0c5464baf": {
        "PrimaryConfiguration": {
            "MuzzleVelocity": 50000.0
        }
    },
    "646ae32f-5978-4fb9-8c9f-93d612c76e23": {
        "PrimaryConfiguration": {
            "MuzzleVelocity": 50000.0
        }
    },
    "6576f6aa-8d77-48f1-a4c7-f57fb5ddcc51": {
        "PrimaryConfiguration": {
            "MuzzleVelocity": 50000.0
        }
    },
    "66f9cf6f-ff2b-4870-9516-59f0f0ef9b0b": {
        "PrimaryConfiguration": {
            "MuzzleVelocity": 50000.0
        }
    },
    "6738e8ad-b8d0-496a-9749-d27a93b40113": {
        "PrimaryConfiguration": {
            "MuzzleVelocity": 50000.0
        }
    },
    "6b93848c-8f1d-42eb-816f-bab61b56d8a5": {
        "PrimaryConfiguration": {
            "MuzzleVelocity": 50000.0
        }
    },
    "6d3c4a7e-e565-4bd8-acbf-b8e22d1ef529": {
        "PrimaryConfiguration": {
            "MuzzleVelocity": 50000.0
        }
    },
    "6dda9c11-d472-4ae9-aadc-b916881583a7": {
        "PrimaryConfiguration": {
            "MuzzleVelocity": 50000.0
        }
    },
    "6e4afb04-417e-4cfc-aaa2-43f3ecca9037": {
        "PrimaryConfiguration": {
            "MuzzleVelocity": 50000.0
        }
    },
    "6e5e27bf-6c27-4785-8cc4-ffebd0ec3494": {
        "PrimaryConfiguration": {
            "MuzzleVelocity": 50000.0
        }
    },
    "6eccc7e1-e31b-42de-8f84-b88d8e0032ea": {
        "PrimaryConfiguration": {
            "MuzzleVelocity": 50000.0
        }
    },
    "719ba201-3688-4984-afb0-81dc2cc95ec1": {
        "PrimaryConfiguration": {
            "MuzzleVelocity": 50000.0
        }
    },
    "7373fafa-7adb-4c14-ac02-225895f9eb7f": {
        "PrimaryConfiguration": {
            "MuzzleVelocity": 50000.0
        }
    },
    "73875794-5a86-410e-84a4-1b5b2f7e5a54": {
        "PrimaryConfiguration": {
            "MuzzleVelocity": 50000.0
        }
    },
    "74562c61-4405-413f-8d69-353688942390": {
        "PrimaryConfiguration": {
            "MuzzleVelocity": 50000.0
        }
    },
    "77ecaad6-652f-480d-b365-cdf90820a5ec": {
        "PrimaryConfiguration": {
            "MuzzleVelocity": 50000.0
        }
    },
    "77f644ef-6dbb-4f30-afef-5c3a6a26a665": {
        "PrimaryConfiguration": {
            "MuzzleVelocity": 50000.0
        }
    },
    "79b48d90-26aa-4b17-9332-599ed8e0bd7f": {
        "PrimaryConfiguration": {
            "MuzzleVelocity": 50000.0
        }
    },
    "79f8c0e9-4690-4ebf-b2b3-fd8411a1407f": {
        "PrimaryConfiguration": {
            "MuzzleVelocity": 50000.0
        }
    },
    "7bf3a6e6-b5aa-4c88-b953-c2c378d36118": {
        "PrimaryConfiguration": {
            "MuzzleVelocity": 50000.0
        }
    },
    "7d64d9df-5d30-4e98-9af0-7562ee145d5c": {
        "PrimaryConfiguration": {
            "MuzzleVelocity": 50000.0
        }
    },
    "7e1b2364-a190-41f7-a16d-a7d7a9a2f623": {
        "PrimaryConfiguration": {
            "MuzzleVelocity": 50000.0
        }
    },
    "824497cf-0c96-4826-a00e-5fb3ccf1140b": {
        "PrimaryConfiguration": {
            "MuzzleVelocity": 50000.0
        }
    },
    "82642e14-c6d7-43b3-8b9c-396823a2859a": {
        "PrimaryConfiguration": {
            "MuzzleVelocity": 50000.0
        }
    },
    "832a5101-ef7a-41c2-ba49-ca9e3ca45a68": {
        "PrimaryConfiguration": {
            "MuzzleVelocity": 50000.0
        }
    },
    "851c8aee-3de2-48ea-ae16-667c8f180f2d": {
        "PrimaryConfiguration": {
            "MuzzleVelocity": 50000.0
        }
    },
    "86522179-2cc9-4bae-af70-8d42e423918b": {
        "PrimaryConfiguration": {
            "MuzzleVelocity": 50000.0
        }
    },
    "86c6fbee-4410-4e0b-bb8b-dbd65369468f": {
        "PrimaryConfiguration": {
            "MuzzleVelocity": 50000.0
        }
    },
    "87bf38ca-de63-4037-ae32-7817a42c7ced": {
        "PrimaryConfiguration": {
            "MuzzleVelocity": 50000.0
        }
    },
    "8a30c788-049a-4b83-b148-1a6db49d2ae5": {
        "PrimaryConfiguration": {
            "MuzzleVelocity": 50000.0
        }
    },
    "8b94bc8e-85f5-4d16-915d-22c30df43363": {
        "PrimaryConfiguration": {
            "MuzzleVelocity": 50000.0
        }
    },
    "8d22cea9-68db-458d-a8ee-9937128f1729": {
        "PrimaryConfiguration": {
            "MuzzleVelocity": 50000.0
        }
    },
    "8d7a3342-1229-4619-ae51-f4a462f9130d": {
        "PrimaryConfiguration": {
            "MuzzleVelocity": 50000.0
        }
    },
    "8e4a9504-3445-44f3-af03-a8f6f5c72603": {
        "PrimaryConfiguration": {
            "MuzzleVelocity": 50000.0
        }
    },
    "8f4cd8c1-6ee6-4686-8a0e-52a823eec165": {
        "PrimaryConfiguration": {
            "MuzzleVelocity": 50000.0
        }
    },
    "907e0277-7806-42a4-b4b2-338cf8dd9391": {
        "PrimaryConfiguration": {
            "MuzzleVelocity": 50000.0
        }
    },
    "93129392-9ad2-4fcf-910d-3e93eb2165a5": {
        "PrimaryConfiguration": {
            "MuzzleVelocity": 50000.0
        }
    },
    "93a95f8a-a1bb-4d6c-bfd5-e6eec4eeaa1e": {
        "PrimaryConfiguration": {
            "MuzzleVelocity": 50000.0
        }
    },
    "93c7e5f2-6b92-4487-af09-13685ed77899": {
        "PrimaryConfiguration": {
            "MuzzleVelocity": 50000.0
        }
    },
    "96be452c-a2b5-4827-adb6-ff394d2e9ba0": {
        "PrimaryConfiguration": {
            "MuzzleVelocity": 50000.0
        }
    },
    "97a8bffe-4ef6-4cdd-8e45-3f66f1f78583": {
        "PrimaryConfiguration": {
            "MuzzleVelocity": 50000.0
        }
    },
    "97f3ab46-e409-40dd-a0ba-8e9dd0b0345b": {
        "PrimaryConfiguration": {
            "MuzzleVelocity": 50000.0
        }
    },
    "9e896f52-6339-42d4-9c27-931be526bfa7": {
        "PrimaryConfiguration": {
            "MuzzleVelocity": 50000.0
        }
    },
    "a15af673-8e21-47e3-bdfa-f5dea7b5f9e9": {
        "PrimaryConfiguration": {
            "MuzzleVelocity": 50000.0
        }
    },
    "a32ec405-7e26-471a-9b3b-7e421b2c0053": {
        "PrimaryConfiguration": {
            "MuzzleVelocity": 50000.0
        }
    },
    "a494c3c8-9a41-4398-9542-559e6a5dc1cb": {
        "PrimaryConfiguration": {
            "MuzzleVelocity": 50000.0
        }
    },
    "a5d19e9f-8ca3-4c51-9d79-15d3ea2e7771": {
        "PrimaryConfiguration": {
            "MuzzleVelocity": 50000.0
        }
    },
    "a6cf1d84-0b9b-49f6-ab05-e69bd9089914": {
        "PrimaryConfiguration": {
            "MuzzleVelocity": 50000.0
        }
    },
    "a8309099-1b89-4492-bf37-37d4312b6615": {
        "PrimaryConfiguration": {
            "MuzzleVelocity": 50000.0
        }
    },
    "a8471f57-0075-4c57-b67f-916f3e2e4738": {
        "PrimaryConfiguration": {
            "MuzzleVelocity": 50000.0
        }
    },
    "b0111e5e-f7ba-47c2-b16e-6b9bde14a0ca": {
        "PrimaryConfiguration": {
            "MuzzleVelocity": 50000.0
        }
    },
    "b0f87b4e-a41c-4771-8c74-f56574129679": {
        "PrimaryConfiguration": {
            "MuzzleVelocity": 50000.0
        }
    },
    "b1cb79d7-9960-4d5c-8b43-81213c8594cd": {
        "PrimaryConfiguration": {
            "MuzzleVelocity": 50000.0
        }
    },
    "b2d514ba-86d6-456a-be10-7592a30dcae1": {
        "PrimaryConfiguration": {
            "MuzzleVelocity": 50000.0
        }
    },
    "b8ec525e-8de3-4b9a-9b2a-97eb6a8dd9f6": {
        "PrimaryConfiguration": {
            "MuzzleVelocity": 50000.0
        }
    },
    "ba102d90-b8c9-47b9-97eb-b462344b46c3": {
        "PrimaryConfiguration": {
            "MuzzleVelocity": 50000.0
        }
    },
    "bbabd2bd-6e21-4b9b-a361-71bc255fc9b9": {
        "PrimaryConfiguration": {
            "MuzzleVelocity": 50000.0
        }
    },
    "bbd802e2-7b21-46d8-8f59-9dbb452ff995": {
        "PrimaryConfiguration": {
            "MuzzleVelocity": 50000.0
        }
    },
    "bc2df333-bce1-4758-9bc5-4bce40d2c218": {
        "PrimaryConfiguration": {
            "RecoilX": 0.0,
		    "RecoilZ": 0.0, 
            "RecoilMax": 0.0
        }
    },
    "bd461ad3-8498-4d59-87d7-208744ac5066": {
        "PrimaryConfiguration": {
            "MuzzleVelocity": 50000.0
        }
    },
    "be4e7b4e-d895-47c1-979d-d79bfbe79a02": {
        "PrimaryConfiguration": {
            "MuzzleVelocity": 50000.0
        }
    },
    "c0f72c92-f514-40b7-a35c-2f5709b99fce": {
        "PrimaryConfiguration": {
            "MuzzleVelocity": 50000.0
        }
    },
    "c3fe8e30-5a17-4881-b882-c7f9ff19823c": {
        "PrimaryConfiguration": {
            "MuzzleVelocity": 50000.0
        }
    },
    "c44d3dc4-5e2f-403d-9f69-40111f3643db": {
        "PrimaryConfiguration": {
            "MuzzleVelocity": 50000.0
        }
    },
    "c54ca8c7-8c29-4909-8390-3587e9747361": {
        "PrimaryConfiguration": {
            "MuzzleVelocity": 50000.0
        }
    },
    "c6c1ceca-5740-474b-aa77-6655bc87e5a8": {
        "PrimaryConfiguration": {
            "MuzzleVelocity": 50000.0
        }
    },
    "c716ebb8-cc0e-4e60-9335-844a0d7e645d": {
        "PrimaryConfiguration": {
            "MuzzleVelocity": 50000.0
        }
    },
    "c8a09c31-a53e-436f-8421-a4dc4115f633": {
        "PrimaryConfiguration": {
            "MuzzleVelocity": 50000.0
        }
    },
    "c8b2d7ab-c952-4ad3-99fe-4627047318b9": {
        "PrimaryConfiguration": {
            "MuzzleVelocity": 50000.0
        }
    },
    "cd7587d0-4dff-4df6-b435-6080379acb01": {
        "PrimaryConfiguration": {
            "MuzzleVelocity": 50000.0
        }
    },
    "cdf9db81-14a9-4047-9c95-8a3e65cd6a00": {
        "PrimaryConfiguration": {
            "MuzzleVelocity": 50000.0
        }
    },
    "ce475c6a-439d-49b7-ad54-325a2faae5a5": {
        "PrimaryConfiguration": {
            "MuzzleVelocity": 50000.0
        }
    },
    "cfa664fc-e583-4ad5-ade5-2f746d8656ca": {
        "PrimaryConfiguration": {
            "MuzzleVelocity": 50000.0
        }
    },
    "d3dc2ef7-da65-4cdf-bf47-771aa5797ae0": {
        "PrimaryConfiguration": {
            "MuzzleVelocity": 50000.0
        }
    },
    "d5f8e067-5b44-4ddf-91e2-3c29e9222eae": {
        "PrimaryConfiguration": {
            "MuzzleVelocity": 50000.0
        }
    },
    "d75bef38-8a65-45f6-9cd1-ca5e23e2f79a": {
        "PrimaryConfiguration": {
            "MuzzleVelocity": 50000.0
        }
    },
    "d8aa6eba-0cb7-4ed4-ab99-975f2793d731": {
        "PrimaryConfiguration": {
            "MuzzleVelocity": 50000.0
        }
    },
    "d8da0a25-925b-4e5d-a5c2-6fe5154434c7": {
        "PrimaryConfiguration": {
            "MuzzleVelocity": 50000.0
        }
    },
    "dd57a213-3e76-4a38-ba47-0ac5040ce5e4": {
        "PrimaryConfiguration": {
            "MuzzleVelocity": 50000.0
        }
    },
    "e0de34ce-f8d1-428b-8b37-0dae7398bde3": {
        "PrimaryConfiguration": {
            "MuzzleVelocity": 50000.0
        }
    },
    "e206ed81-0559-4289-9fec-e6a3e9d4ee7c": {
        "PrimaryConfiguration": {
            "MuzzleVelocity": 50000.0
        }
    },
    "e3b6e1d1-fea5-4035-87b3-6b996b3488c2": {
        "PrimaryConfiguration": {
            "MuzzleVelocity": 50000.0
        }
    },
    "e3b943d9-9f2c-4d45-a29e-e0dbf31a82bc": {
        "PrimaryConfiguration": {
            "MuzzleVelocity": 50000.0
        }
    },
    "e55c71d6-cbf6-41b8-8838-2d1be1d07e1c": {
        "PrimaryConfiguration": {
            "MuzzleVelocity": 50000.0
        }
    },
    "e5b2a2fb-8655-4462-9f05-3b02d0a86299": {
        "PrimaryConfiguration": {
            "MuzzleVelocity": 50000.0
        }
    },
    "e638b949-9b96-4c41-bec4-0a8fbfb05c75": {
        "PrimaryConfiguration": {
            "MuzzleVelocity": 50000.0
        }
    },
    "e65989b4-3d38-4739-b79d-f358afb202df": {
        "PrimaryConfiguration": {
            "MuzzleVelocity": 50000.0
        }
    },
    "e70adb5b-0646-4f88-bd4a-85bea7a2a654": {
        "PrimaryConfiguration": {
            "MuzzleVelocity": 50000.0
        }
    },
    "ebc561b5-b368-4583-b5fe-bc961b4ad4e3": {
        "PrimaryConfiguration": {
            "MuzzleVelocity": 50000.0
        }
    },
    "ebff0c9a-e04d-4bc2-8f7a-e9c3cd6d6a93": {
        "PrimaryConfiguration": {
            "MuzzleVelocity": 50000.0
        }
    },
    "ec9bca2c-a768-4dd0-9174-fd09067310e5": {
        "PrimaryConfiguration": {
            "MuzzleVelocity": 50000.0
        }
    },
    "edcd3a40-cab7-41c5-af1b-461625594298": {
        "PrimaryConfiguration": {
            "MuzzleVelocity": 50000.0
        }
    },
    "eedb7f84-896d-403b-905b-11b105e7ce35": {
        "PrimaryConfiguration": {
            "MuzzleVelocity": 50000.0
        }
    },
    "f15f0da5-cffe-4374-8235-0b960bce3652": {
        "PrimaryConfiguration": {
            "MuzzleVelocity": 50000.0
        }
    },
    "f2465b79-a901-42f9-93f5-22f114530849": {
        "PrimaryConfiguration": {
            "MuzzleVelocity": 50000.0
        }
    },
    "f276fcc6-84a1-43c9-8d88-e7dd83a1ce58": {
        "PrimaryConfiguration": {
            "MuzzleVelocity": 50000.0
        }
    },
    "f301f605-007c-4fe1-aa99-a8cd2cae033f": {
        "PrimaryConfiguration": {
            "MuzzleVelocity": 50000.0
        }
    },
    "f417bfec-a999-4b2f-adef-510323c75ccf": {
        "PrimaryConfiguration": {
            "MuzzleVelocity": 50000.0
        }
    },
    "f4e92f7a-c13e-4f7f-8406-137dfd3f8378": {
        "PrimaryConfiguration": {
            "MuzzleVelocity": 50000.0
        }
    },
    "f5d0b800-bf37-41ff-bd19-4c04e3b69754": {
        "PrimaryConfiguration": {
            "MuzzleVelocity": 50000.0
        }
    },
    "f5e3a7ca-d0d3-421e-b341-b5ba46bc900f": {
        "PrimaryConfiguration": {
            "MuzzleVelocity": 50000.0
        }
    },
    "f5ebb935-9bec-422b-b772-37adc3ba23db": {
        "PrimaryConfiguration": {
            "MuzzleVelocity": 50000.0
        }
    },
    "f6d61543-405b-411f-b0c7-a5befc1c62cd": {
        "PrimaryConfiguration": {
            "MuzzleVelocity": 50000.0
        }
    },
    "f6f525d2-a28c-4548-825b-f7ce93f6577c": {
        "PrimaryConfiguration": {
            "MuzzleVelocity": 50000.0
        }
    },
    "f755f824-bdf6-4ace-b416-abf3bae4b6d5": {
        "PrimaryConfiguration": {
            "MuzzleVelocity": 50000.0
        }
    },
    "f91cf558-04a5-4fd8-8814-b1c765668b39": {
        "PrimaryConfiguration": {
            "MuzzleVelocity": 50000.0
        }
    },
    "f93b99a3-aef6-419f-b303-59470577696d": {
        "PrimaryConfiguration": {
            "MuzzleVelocity": 50000.0
        }
    },
    "f9d471fc-a3d0-49bd-8e2d-af7fb8cedf6f": {
        "PrimaryConfiguration": {
            "MuzzleVelocity": 50000.0
        }
    },
    "fa63018a-59c8-4468-9bc7-bcfae65c5d7e": {
        "PrimaryConfiguration": {
            "MuzzleVelocity": 50000.0
        }
    },
    "fbed5e11-08fb-4bba-aa3d-ac643541e38a": {
        "PrimaryConfiguration": {
            "MuzzleVelocity": 50000.0
        }
    },
    "fc74f9d9-6c69-4772-a846-285e2116c6a8": {
        "PrimaryConfiguration": {
            "MuzzleVelocity": 50000.0
        }
    },
    "fca954f6-40b1-448d-b4a8-0c543e521cc3": {
        "PrimaryConfiguration": {
            "MuzzleVelocity": 50000.0
        }
    },
    "ff340698-bc83-479c-8917-16d99b39406c": {
        "PrimaryConfiguration": {
            "MuzzleVelocity": 50000.0
        }
    },
    "26b5496d-9a8c-4059-9d69-d8712078a33c": {
        "PrimaryConfiguration": {
            "MuzzleVelocity": 50000.0
        }
    },
    "351c144c-8687-426a-a6f0-c4abd7021062": {
        "PrimaryConfiguration": {
            "MuzzleVelocity": 50000.0
        }
    },
    "40fbee02-42b4-4b91-9e3e-bc6cc21974dc": {
        "PrimaryConfiguration": {
            "MuzzleVelocity": 50000.0
        }
    },
    "808ebdcb-aafe-496a-9541-5903bf03c12e": {
        "PrimaryConfiguration": {
            "MuzzleVelocity": 50000.0
        }
    },
    "8762d292-91ce-4385-9f78-dbf845f8366d": {
        "PrimaryConfiguration": {
            "MuzzleVelocity": 50000.0
        }
    },
    "948811dd-5cf7-4f4b-9491-f1f94a000529": {
        "PrimaryConfiguration": {
            "MuzzleVelocity": 50000.0
        }
    },
    "adced1ef-ecb5-4d46-ab73-d955d4b1fa1d": {
        "PrimaryConfiguration": {
            "MuzzleVelocity": 50000.0
        }
    },
    "c2b2a4f4-2b69-49ba-803d-c4a1a14694fd": {
        "PrimaryConfiguration": {
            "MuzzleVelocity": 50000.0
        }
    },
    "d0438077-24eb-4c1d-a0f3-abd53d18fc27": {
        "PrimaryConfiguration": {
            "MuzzleVelocity": 50000.0
        }
    },
    "f124aaf2-3eb2-473f-9277-e68f09869974": {
        "PrimaryConfiguration": {
            "MuzzleVelocity": 50000.0
        }
    },
    "060a7564-97e8-4fef-8d62-f6dacbca390f": {
        "PrimaryConfiguration": {
            "MuzzleVelocity": 50000.0
        }
    },
    "0af419f5-e6d3-488d-b133-6ce0964b0770": {
        "PrimaryConfiguration": {
            "MuzzleVelocity": 50000.0
        }
    },
    "23e1031b-879d-4b04-ada9-b684d9d16c22": {
        "PrimaryConfiguration": {
            "MuzzleVelocity": 50000.0
        }
    },
    "33cadd6f-3813-4be1-8e50-bd6819cb9b13": {
        "PrimaryConfiguration": {
            "MuzzleVelocity": 50000.0
        }
    },
    "35182a4f-9707-42ac-b449-77fce3f5f677": {
        "PrimaryConfiguration": {
            "MuzzleVelocity": 50000.0
        }
    },
    "407df651-52d4-4871-a903-db677a7568ed": {
        "PrimaryConfiguration": {
            "MuzzleVelocity": 50000.0
        }
    },
    "4e92b3c5-3358-44aa-8a87-f7f349f46f44": {
        "PrimaryConfiguration": {
            "MuzzleVelocity": 50000.0
        }
    },
    "507f3f6e-4681-4efa-96f9-58411d7fecf8": {
        "PrimaryConfiguration": {
            "MuzzleVelocity": 50000.0
        }
    },
    "545ff36e-b43c-4a35-9ab3-680b23b9e354": {
        "PrimaryConfiguration": {
            "MuzzleVelocity": 50000.0
        }
    },
    "6696a10d-9138-4184-8104-a6c7ec2e0eb1": {
        "PrimaryConfiguration": {
            "MuzzleVelocity": 50000.0
        }
    },
    "785c3c6b-1272-4853-94f0-a41d52f64795": {
        "PrimaryConfiguration": {
            "MuzzleVelocity": 50000.0
        }
    },
    "7f31d897-a62f-448c-be0d-79d565e2faa7": {
        "PrimaryConfiguration": {
            "MuzzleVelocity": 50000.0
        }
    },
    "8598ae82-53ac-43ba-9f43-30140d6ba7ee": {
        "PrimaryConfiguration": {
            "MuzzleVelocity": 50000.0
        }
    },
    "881979b0-c506-41a5-bc7a-a63ba4c812ad": {
        "PrimaryConfiguration": {
            "MuzzleVelocity": 50000.0
        }
    },
    "901a3b51-51a0-4236-bdf2-23d20696b358": {
        "PrimaryConfiguration": {
            "MuzzleVelocity": 50000.0
        }
    },
    "935fd34c-e58c-45d3-bc66-3144752b001b": {
        "PrimaryConfiguration": {
            "MuzzleVelocity": 50000.0
        }
    },
    "94939b01-fda2-422e-99cf-c5f3edb2076a": {
        "PrimaryConfiguration": {
            "MuzzleVelocity": 50000.0
        }
    },
    "9fcf5400-0784-4e71-ad57-a3e17cf88bc3": {
        "PrimaryConfiguration": {
            "MuzzleVelocity": 50000.0
        }
    },
    "b0314606-caa4-4a2c-a3e2-bd011f98cfdf": {
        "PrimaryConfiguration": {
            "MuzzleVelocity": 50000.0
        }
    },
    "b5481de5-6446-46b3-903f-e0040f46b7f0": {
        "PrimaryConfiguration": {
            "MuzzleVelocity": 50000.0
        }
    },
    "b58f4e9f-60b1-4bcb-bd87-b11dbcb8e6b2": {
        "PrimaryConfiguration": {
            "MuzzleVelocity": 50000.0
        }
    },
    "be285364-e3a9-439c-8d00-2953080b6ed5": {
        "PrimaryConfiguration": {
            "MuzzleVelocity": 50000.0
        }
    },
    "d4f6e560-cf9f-4a0a-955d-787577b073d6": {
        "PrimaryConfiguration": {
            "MuzzleVelocity": 50000.0
        }
    },
    "d5728a0f-fe8d-4e2d-9350-03cf4243c98e": {
        "PrimaryConfiguration": {
            "MuzzleVelocity": 50000.0
        }
    },
    "eb9495e1-7d68-44ef-9025-a26770158b63": {
        "PrimaryConfiguration": {
            "MuzzleVelocity": 50000.0
        }
    },
    "eca66732-a356-4c13-8e33-d0f7e87b5860": {
        "PrimaryConfiguration": {
            "MuzzleVelocity": 50000.0
        }
    },
    "ef4c35c7-b7d4-4886-81b5-fda089f91173": {
        "PrimaryConfiguration": {
            "MuzzleVelocity": 50000.0
        }
    },
    "f205ab30-bd46-4ad5-97f1-a728360e7131": {
        "PrimaryConfiguration": {
            "MuzzleVelocity": 50000.0
        }
    },
    "f45868b6-e4b2-4cd3-ad9c-d0a727b39dba": {
        "PrimaryConfiguration": {
            "MuzzleVelocity": 50000.0
        }
    },
    "f6657618-d723-419f-a71b-84d0e93402e3": {
        "PrimaryConfiguration": {
            "MuzzleVelocity": 50000.0
        }
    },
    "f8f1acee-cb96-47a0-a969-4527251a713d": {
        "PrimaryConfiguration": {
            "MuzzleVelocity": 50000.0
        }
    },
    "fd3b571c-d2ec-49d0-937a-641ac7fa4cb3": {
        "PrimaryConfiguration": {
            "MuzzleVelocity": 50000.0
        }
    },
    "7d91bca8-6fdc-4bf1-b621-7a18065cebde": {
        "PrimaryConfiguration": {
            "MuzzleVelocity": 50000.0
        }
    },
    "79e6fbe5-1c1a-4620-ad3f-30533c07ad5f": {
        "PrimaryConfiguration": {
            "MuzzleVelocity": 50000.0
        }
    }     
}